0,1
4EF5vIcCYKMM61oYOG2Tqa,4LIRWeEa6WgyAzH1mjYAPx
4LIRWeEa6WgyAzH1mjYAPx,4EF5vIcCYKMM61oYOG2Tqa
4LIRWeEa6WgyAzH1mjYAPx,2X2Q1fpEwW7WtZxXb4acYb
4LIRWeEa6WgyAzH1mjYAPx,6uVeWolwyRDrT84lLsaZyW
4LIRWeEa6WgyAzH1mjYAPx,0f31brWAC67q8uVvAvR7SG
4LIRWeEa6WgyAzH1mjYAPx,5jevkWdPouBhKNpJu1DOyO
4LIRWeEa6WgyAzH1mjYAPx,2vygNfdnPBXah21ZrqhxYk
4LIRWeEa6WgyAzH1mjYAPx,1S3lM6GSUG4lkSQD0Q2fKD
4LIRWeEa6WgyAzH1mjYAPx,2qe52cWdi4IRtgg14CLInb
4LIRWeEa6WgyAzH1mjYAPx,2jkVPf0f9H9GVWMzIdxfs0
4LIRWeEa6WgyAzH1mjYAPx,6UY2yCOBXcmlI0BEbo2emE
4LIRWeEa6WgyAzH1mjYAPx,0eLbmh14uMx3VB0MPM1r4L
4LIRWeEa6WgyAzH1mjYAPx,3AmWjMXXtBJOmNGpUFSOAl
4LIRWeEa6WgyAzH1mjYAPx,5nGQE2ehuRkkK1iNUQQthd
4LIRWeEa6WgyAzH1mjYAPx,3iJJD5v7oIFUevW4N5w5cj
4LIRWeEa6WgyAzH1mjYAPx,2jlt5Z6VojDVMzSj1JHkcd
4LIRWeEa6WgyAzH1mjYAPx,4t7bXPFEPe0pu1ozhdDLOp
4LIRWeEa6WgyAzH1mjYAPx,7gHGuSjlVaJqZL0n95zm4Q
4LIRWeEa6WgyAzH1mjYAPx,6i2jXTUS4TUyDpkCqPZQXD
4LIRWeEa6WgyAzH1mjYAPx,0tQ2Q4y9iUkKszxXyB14ZH
4LIRWeEa6WgyAzH1mjYAPx,4s6KO4EGgK9Ov1PrAo8cYQ
4EF5vIcCYKMM61oYOG2Tqa,2X2Q1fpEwW7WtZxXb4acYb
2X2Q1fpEwW7WtZxXb4acYb,2qe52cWdi4IRtgg14CLInb
2X2Q1fpEwW7WtZxXb4acYb,5nGQE2ehuRkkK1iNUQQthd
2X2Q1fpEwW7WtZxXb4acYb,0eLbmh14uMx3VB0MPM1r4L
2X2Q1fpEwW7WtZxXb4acYb,1S3lM6GSUG4lkSQD0Q2fKD
2X2Q1fpEwW7WtZxXb4acYb,5jevkWdPouBhKNpJu1DOyO
2X2Q1fpEwW7WtZxXb4acYb,6uVeWolwyRDrT84lLsaZyW
2X2Q1fpEwW7WtZxXb4acYb,3aSkzI3DQrdPtYXizXnwda
2X2Q1fpEwW7WtZxXb4acYb,6UY2yCOBXcmlI0BEbo2emE
2X2Q1fpEwW7WtZxXb4acYb,1hJWecjPWroTl28fARuPd9
2X2Q1fpEwW7WtZxXb4acYb,4t7bXPFEPe0pu1ozhdDLOp
2X2Q1fpEwW7WtZxXb4acYb,2vygNfdnPBXah21ZrqhxYk
2X2Q1fpEwW7WtZxXb4acYb,5O0RrEgz4NLCPLrDZiPggz
2X2Q1fpEwW7WtZxXb4acYb,4EF5vIcCYKMM61oYOG2Tqa
2X2Q1fpEwW7WtZxXb4acYb,0cvgnvsB7VZQJGU4RUQ1sA
2X2Q1fpEwW7WtZxXb4acYb,0tQ2Q4y9iUkKszxXyB14ZH
2X2Q1fpEwW7WtZxXb4acYb,2jlt5Z6VojDVMzSj1JHkcd
2X2Q1fpEwW7WtZxXb4acYb,0dkXwqAwKvZUWBI4C3UNFY
2X2Q1fpEwW7WtZxXb4acYb,1FGzeqDPTLZwfbfxpmPAZn
2X2Q1fpEwW7WtZxXb4acYb,1wAvVTxYw932BnBO5JhrXJ
2X2Q1fpEwW7WtZxXb4acYb,3XtD4pF69355s7xcR6RPXA
4EF5vIcCYKMM61oYOG2Tqa,5jevkWdPouBhKNpJu1DOyO
5jevkWdPouBhKNpJu1DOyO,2X2Q1fpEwW7WtZxXb4acYb
5jevkWdPouBhKNpJu1DOyO,0cvgnvsB7VZQJGU4RUQ1sA
5jevkWdPouBhKNpJu1DOyO,6UY2yCOBXcmlI0BEbo2emE
5jevkWdPouBhKNpJu1DOyO,4EF5vIcCYKMM61oYOG2Tqa
5jevkWdPouBhKNpJu1DOyO,6uVeWolwyRDrT84lLsaZyW
5jevkWdPouBhKNpJu1DOyO,2jlt5Z6VojDVMzSj1JHkcd
5jevkWdPouBhKNpJu1DOyO,2qe52cWdi4IRtgg14CLInb
5jevkWdPouBhKNpJu1DOyO,0tQ2Q4y9iUkKszxXyB14ZH
5jevkWdPouBhKNpJu1DOyO,3aSkzI3DQrdPtYXizXnwda
5jevkWdPouBhKNpJu1DOyO,1S3lM6GSUG4lkSQD0Q2fKD
5jevkWdPouBhKNpJu1DOyO,5nGQE2ehuRkkK1iNUQQthd
5jevkWdPouBhKNpJu1DOyO,1hJWecjPWroTl28fARuPd9
5jevkWdPouBhKNpJu1DOyO,4t7bXPFEPe0pu1ozhdDLOp
5jevkWdPouBhKNpJu1DOyO,4LIRWeEa6WgyAzH1mjYAPx
5jevkWdPouBhKNpJu1DOyO,0eLbmh14uMx3VB0MPM1r4L
5jevkWdPouBhKNpJu1DOyO,5O0RrEgz4NLCPLrDZiPggz
5jevkWdPouBhKNpJu1DOyO,0dkXwqAwKvZUWBI4C3UNFY
5jevkWdPouBhKNpJu1DOyO,3ZvmTX2BguGi6wBezYPHYA
5jevkWdPouBhKNpJu1DOyO,1wAvVTxYw932BnBO5JhrXJ
5jevkWdPouBhKNpJu1DOyO,1FWJ9K8qn1ht68Kb7b1NBT
4EF5vIcCYKMM61oYOG2Tqa,6uVeWolwyRDrT84lLsaZyW
6uVeWolwyRDrT84lLsaZyW,2jlt5Z6VojDVMzSj1JHkcd
6uVeWolwyRDrT84lLsaZyW,3aSkzI3DQrdPtYXizXnwda
6uVeWolwyRDrT84lLsaZyW,2i8ynmFv4qgRksyDlBgi6d
6uVeWolwyRDrT84lLsaZyW,3V4FPipSnuYjtHnnAw9cZd
6uVeWolwyRDrT84lLsaZyW,6WoTvA9qinpHtSRJuldYh6
6uVeWolwyRDrT84lLsaZyW,0tQ2Q4y9iUkKszxXyB14ZH
6uVeWolwyRDrT84lLsaZyW,2X2Q1fpEwW7WtZxXb4acYb
6uVeWolwyRDrT84lLsaZyW,1OQRxZIPriIdtJCs1Dvd8w
6uVeWolwyRDrT84lLsaZyW,6dP7OHshDvGHaNNSwunol4
6uVeWolwyRDrT84lLsaZyW,1FGzeqDPTLZwfbfxpmPAZn
6uVeWolwyRDrT84lLsaZyW,2kS4yz85MaZlxp2VaS3BEe
6uVeWolwyRDrT84lLsaZyW,4b5AaEwEgxDuOQs6R2sbul
6uVeWolwyRDrT84lLsaZyW,2CqEOngQOOMstJupNn6Hmf
6uVeWolwyRDrT84lLsaZyW,4t7bXPFEPe0pu1ozhdDLOp
6uVeWolwyRDrT84lLsaZyW,5I2hMUcztc6QbzkyLskdt4
6uVeWolwyRDrT84lLsaZyW,0eLbmh14uMx3VB0MPM1r4L
6uVeWolwyRDrT84lLsaZyW,1qu76fyhxnnFHJagsVOs1D
6uVeWolwyRDrT84lLsaZyW,3oi0s3WIuxBU5oh87n7za2
6uVeWolwyRDrT84lLsaZyW,0S7Zur2g8YhqlzqtlYStli
6uVeWolwyRDrT84lLsaZyW,3AmWjMXXtBJOmNGpUFSOAl
4EF5vIcCYKMM61oYOG2Tqa,1S3lM6GSUG4lkSQD0Q2fKD
1S3lM6GSUG4lkSQD0Q2fKD,6UY2yCOBXcmlI0BEbo2emE
1S3lM6GSUG4lkSQD0Q2fKD,1O3MQVAkY13BpomkVr6z7d
1S3lM6GSUG4lkSQD0Q2fKD,1qu76fyhxnnFHJagsVOs1D
1S3lM6GSUG4lkSQD0Q2fKD,2X2Q1fpEwW7WtZxXb4acYb
1S3lM6GSUG4lkSQD0Q2fKD,0dkXwqAwKvZUWBI4C3UNFY
1S3lM6GSUG4lkSQD0Q2fKD,0cvgnvsB7VZQJGU4RUQ1sA
1S3lM6GSUG4lkSQD0Q2fKD,1hJWecjPWroTl28fARuPd9
1S3lM6GSUG4lkSQD0Q2fKD,3iWsdt6uEquPwhm8K1y6Ig
1S3lM6GSUG4lkSQD0Q2fKD,3XtD4pF69355s7xcR6RPXA
1S3lM6GSUG4lkSQD0Q2fKD,3aSkzI3DQrdPtYXizXnwda
1S3lM6GSUG4lkSQD0Q2fKD,1FWJ9K8qn1ht68Kb7b1NBT
1S3lM6GSUG4lkSQD0Q2fKD,6uVeWolwyRDrT84lLsaZyW
1S3lM6GSUG4lkSQD0Q2fKD,5jevkWdPouBhKNpJu1DOyO
1S3lM6GSUG4lkSQD0Q2fKD,3Glx297fyff7hKkl7nBrwu
1S3lM6GSUG4lkSQD0Q2fKD,3ZvmTX2BguGi6wBezYPHYA
1S3lM6GSUG4lkSQD0Q2fKD,3V4FPipSnuYjtHnnAw9cZd
1S3lM6GSUG4lkSQD0Q2fKD,0eiyrB0ET8AbrR5s6rrLJr
1S3lM6GSUG4lkSQD0Q2fKD,5nGQE2ehuRkkK1iNUQQthd
1S3lM6GSUG4lkSQD0Q2fKD,4EF5vIcCYKMM61oYOG2Tqa
1S3lM6GSUG4lkSQD0Q2fKD,2jkVPf0f9H9GVWMzIdxfs0
4EF5vIcCYKMM61oYOG2Tqa,3iJJD5v7oIFUevW4N5w5cj
3iJJD5v7oIFUevW4N5w5cj,4EF5vIcCYKMM61oYOG2Tqa
3iJJD5v7oIFUevW4N5w5cj,4R073T3AVJKqAsbzLmLW9u
3iJJD5v7oIFUevW4N5w5cj,0WtTGUjbur1R1cNzBvbsMU
3iJJD5v7oIFUevW4N5w5cj,5xzxiSk1Y7Qd7pWnQL5r04
3iJJD5v7oIFUevW4N5w5cj,4nMMOojbg03LrgAN3uOjZF
3iJJD5v7oIFUevW4N5w5cj,2z78AlkdwE2Ghj9EB50M6z
3iJJD5v7oIFUevW4N5w5cj,0eiyrB0ET8AbrR5s6rrLJr
3iJJD5v7oIFUevW4N5w5cj,04tBaW21jyUfeP5iqiKBVq
3iJJD5v7oIFUevW4N5w5cj,6UU6YXQaFGQToWN6U28Dcb
3iJJD5v7oIFUevW4N5w5cj,5H0YoDsPDi9fObFmJtTjfN
3iJJD5v7oIFUevW4N5w5cj,5jevkWdPouBhKNpJu1DOyO
3iJJD5v7oIFUevW4N5w5cj,1YCFvBoIeRSc0HMU7fhUZA
3iJJD5v7oIFUevW4N5w5cj,0IebXswqiI5BInWTUqaSBw
3iJJD5v7oIFUevW4N5w5cj,5JLqvjW3Nyom2OsRUyFsS9
3iJJD5v7oIFUevW4N5w5cj,1J4ACYB6yMqd79q3rjskqs
3iJJD5v7oIFUevW4N5w5cj,1dKzjmxVJw8SSE0LVxW2Dp
3iJJD5v7oIFUevW4N5w5cj,2914JagOufmP5BY9qLDxtF
3iJJD5v7oIFUevW4N5w5cj,4LIRWeEa6WgyAzH1mjYAPx
3iJJD5v7oIFUevW4N5w5cj,4tOVIRjlWWfR1RrAxyRqTE
3iJJD5v7oIFUevW4N5w5cj,7sGhjDpOtxrMLip4lGFU7P
4EF5vIcCYKMM61oYOG2Tqa,6UY2yCOBXcmlI0BEbo2emE
6UY2yCOBXcmlI0BEbo2emE,1S3lM6GSUG4lkSQD0Q2fKD
6UY2yCOBXcmlI0BEbo2emE,0dkXwqAwKvZUWBI4C3UNFY
6UY2yCOBXcmlI0BEbo2emE,2X2Q1fpEwW7WtZxXb4acYb
6UY2yCOBXcmlI0BEbo2emE,5jevkWdPouBhKNpJu1DOyO
6UY2yCOBXcmlI0BEbo2emE,57VoaW8pdCwIOnxQaYgye1
6UY2yCOBXcmlI0BEbo2emE,1hJWecjPWroTl28fARuPd9
6UY2yCOBXcmlI0BEbo2emE,1O3MQVAkY13BpomkVr6z7d
6UY2yCOBXcmlI0BEbo2emE,3XtD4pF69355s7xcR6RPXA
6UY2yCOBXcmlI0BEbo2emE,0cvgnvsB7VZQJGU4RUQ1sA
6UY2yCOBXcmlI0BEbo2emE,4s6KO4EGgK9Ov1PrAo8cYQ
6UY2yCOBXcmlI0BEbo2emE,6uVeWolwyRDrT84lLsaZyW
6UY2yCOBXcmlI0BEbo2emE,3Glx297fyff7hKkl7nBrwu
6UY2yCOBXcmlI0BEbo2emE,3ZvmTX2BguGi6wBezYPHYA
6UY2yCOBXcmlI0BEbo2emE,3aSkzI3DQrdPtYXizXnwda
6UY2yCOBXcmlI0BEbo2emE,2jkVPf0f9H9GVWMzIdxfs0
6UY2yCOBXcmlI0BEbo2emE,1FWJ9K8qn1ht68Kb7b1NBT
6UY2yCOBXcmlI0BEbo2emE,5nGQE2ehuRkkK1iNUQQthd
6UY2yCOBXcmlI0BEbo2emE,1qu76fyhxnnFHJagsVOs1D
6UY2yCOBXcmlI0BEbo2emE,2vygNfdnPBXah21ZrqhxYk
6UY2yCOBXcmlI0BEbo2emE,2jlt5Z6VojDVMzSj1JHkcd
4EF5vIcCYKMM61oYOG2Tqa,2vygNfdnPBXah21ZrqhxYk
2vygNfdnPBXah21ZrqhxYk,0WvBaBwebA8SOLSXUVh4ge
2vygNfdnPBXah21ZrqhxYk,5nGQE2ehuRkkK1iNUQQthd
2vygNfdnPBXah21ZrqhxYk,75X42luaIDTZ6TTYxEripm
2vygNfdnPBXah21ZrqhxYk,2X2Q1fpEwW7WtZxXb4acYb
2vygNfdnPBXah21ZrqhxYk,1wAvVTxYw932BnBO5JhrXJ
2vygNfdnPBXah21ZrqhxYk,2qe52cWdi4IRtgg14CLInb
2vygNfdnPBXah21ZrqhxYk,7fh7bwX9qV60tLxxsp9bTe
2vygNfdnPBXah21ZrqhxYk,7lm6HTAFVQjYvB0kniM6UN
2vygNfdnPBXah21ZrqhxYk,24gpHQzkEu37xGFjzHUHzY
2vygNfdnPBXah21ZrqhxYk,6WoTvA9qinpHtSRJuldYh6
2vygNfdnPBXah21ZrqhxYk,0eLbmh14uMx3VB0MPM1r4L
2vygNfdnPBXah21ZrqhxYk,4VuMnSnoTGrma3a79UhfMs
2vygNfdnPBXah21ZrqhxYk,2jkVPf0f9H9GVWMzIdxfs0
2vygNfdnPBXah21ZrqhxYk,2i8ynmFv4qgRksyDlBgi6d
2vygNfdnPBXah21ZrqhxYk,2o7oPVCQ5rRundsoAXL8xh
2vygNfdnPBXah21ZrqhxYk,3AmWjMXXtBJOmNGpUFSOAl
2vygNfdnPBXah21ZrqhxYk,6uVeWolwyRDrT84lLsaZyW
2vygNfdnPBXah21ZrqhxYk,2kS4yz85MaZlxp2VaS3BEe
2vygNfdnPBXah21ZrqhxYk,5HPErplmYokVy4RMW47YKJ
2vygNfdnPBXah21ZrqhxYk,0tQ2Q4y9iUkKszxXyB14ZH
4EF5vIcCYKMM61oYOG2Tqa,0eLbmh14uMx3VB0MPM1r4L
0eLbmh14uMx3VB0MPM1r4L,5nGQE2ehuRkkK1iNUQQthd
0eLbmh14uMx3VB0MPM1r4L,2qe52cWdi4IRtgg14CLInb
0eLbmh14uMx3VB0MPM1r4L,4t7bXPFEPe0pu1ozhdDLOp
0eLbmh14uMx3VB0MPM1r4L,2X2Q1fpEwW7WtZxXb4acYb
0eLbmh14uMx3VB0MPM1r4L,0tQ2Q4y9iUkKszxXyB14ZH
0eLbmh14uMx3VB0MPM1r4L,046wtejcUX9rhlzw2nlveT
0eLbmh14uMx3VB0MPM1r4L,1wAvVTxYw932BnBO5JhrXJ
0eLbmh14uMx3VB0MPM1r4L,2i8ynmFv4qgRksyDlBgi6d
0eLbmh14uMx3VB0MPM1r4L,6TR7TYiDiS5okigndyMIpK
0eLbmh14uMx3VB0MPM1r4L,4UETUdF77BfyJ7fEFVztr3
0eLbmh14uMx3VB0MPM1r4L,4MlLVFHiA4e7BU7vQ4r5Lh
0eLbmh14uMx3VB0MPM1r4L,1FGzeqDPTLZwfbfxpmPAZn
0eLbmh14uMx3VB0MPM1r4L,3V4FPipSnuYjtHnnAw9cZd
0eLbmh14uMx3VB0MPM1r4L,3AmWjMXXtBJOmNGpUFSOAl
0eLbmh14uMx3VB0MPM1r4L,6uVeWolwyRDrT84lLsaZyW
0eLbmh14uMx3VB0MPM1r4L,6WoTvA9qinpHtSRJuldYh6
0eLbmh14uMx3VB0MPM1r4L,0qmFEVzYv084vWoqu6tTci
0eLbmh14uMx3VB0MPM1r4L,1hJWecjPWroTl28fARuPd9
0eLbmh14uMx3VB0MPM1r4L,5O0RrEgz4NLCPLrDZiPggz
0eLbmh14uMx3VB0MPM1r4L,6ekiDsULqViJbu38c0jGGv
4EF5vIcCYKMM61oYOG2Tqa,0f31brWAC67q8uVvAvR7SG
0f31brWAC67q8uVvAvR7SG,4nJZjFnTJ5BkZwYe7ZGhUG
0f31brWAC67q8uVvAvR7SG,4LIRWeEa6WgyAzH1mjYAPx
0f31brWAC67q8uVvAvR7SG,2X2Q1fpEwW7WtZxXb4acYb
0f31brWAC67q8uVvAvR7SG,4EF5vIcCYKMM61oYOG2Tqa
0f31brWAC67q8uVvAvR7SG,7gHGuSjlVaJqZL0n95zm4Q
0f31brWAC67q8uVvAvR7SG,6UY2yCOBXcmlI0BEbo2emE
0f31brWAC67q8uVvAvR7SG,2Ay1hHYVBSJU6Dhhs6mGnR
0f31brWAC67q8uVvAvR7SG,3VKp2nVjdQRNVeRyuubIi5
0f31brWAC67q8uVvAvR7SG,2vygNfdnPBXah21ZrqhxYk
0f31brWAC67q8uVvAvR7SG,1S3lM6GSUG4lkSQD0Q2fKD
0f31brWAC67q8uVvAvR7SG,5jevkWdPouBhKNpJu1DOyO
0f31brWAC67q8uVvAvR7SG,75X42luaIDTZ6TTYxEripm
0f31brWAC67q8uVvAvR7SG,7LrFEQOoUSWGwACdxmhytc
0f31brWAC67q8uVvAvR7SG,3XtD4pF69355s7xcR6RPXA
0f31brWAC67q8uVvAvR7SG,3nxpeZOgjACJlOiT9pTkx0
0f31brWAC67q8uVvAvR7SG,3iWsdt6uEquPwhm8K1y6Ig
0f31brWAC67q8uVvAvR7SG,0dkXwqAwKvZUWBI4C3UNFY
0f31brWAC67q8uVvAvR7SG,1FWJ9K8qn1ht68Kb7b1NBT
0f31brWAC67q8uVvAvR7SG,0IebXswqiI5BInWTUqaSBw
0f31brWAC67q8uVvAvR7SG,1nlsVMOqYZq8bVNxgLbwbR
4EF5vIcCYKMM61oYOG2Tqa,2qe52cWdi4IRtgg14CLInb
2qe52cWdi4IRtgg14CLInb,4t7bXPFEPe0pu1ozhdDLOp
2qe52cWdi4IRtgg14CLInb,5nGQE2ehuRkkK1iNUQQthd
2qe52cWdi4IRtgg14CLInb,1hJWecjPWroTl28fARuPd9
2qe52cWdi4IRtgg14CLInb,0eLbmh14uMx3VB0MPM1r4L
2qe52cWdi4IRtgg14CLInb,0tQ2Q4y9iUkKszxXyB14ZH
2qe52cWdi4IRtgg14CLInb,5O0RrEgz4NLCPLrDZiPggz
2qe52cWdi4IRtgg14CLInb,2X2Q1fpEwW7WtZxXb4acYb
2qe52cWdi4IRtgg14CLInb,3AmWjMXXtBJOmNGpUFSOAl
2qe52cWdi4IRtgg14CLInb,1wAvVTxYw932BnBO5JhrXJ
2qe52cWdi4IRtgg14CLInb,1FGzeqDPTLZwfbfxpmPAZn
2qe52cWdi4IRtgg14CLInb,6TR7TYiDiS5okigndyMIpK
2qe52cWdi4IRtgg14CLInb,6WoTvA9qinpHtSRJuldYh6
2qe52cWdi4IRtgg14CLInb,5DYT0cYfntdC8sxyIOAhiC
2qe52cWdi4IRtgg14CLInb,2i8ynmFv4qgRksyDlBgi6d
2qe52cWdi4IRtgg14CLInb,6ekiDsULqViJbu38c0jGGv
2qe52cWdi4IRtgg14CLInb,4MlLVFHiA4e7BU7vQ4r5Lh
2qe52cWdi4IRtgg14CLInb,2vygNfdnPBXah21ZrqhxYk
2qe52cWdi4IRtgg14CLInb,4VuMnSnoTGrma3a79UhfMs
2qe52cWdi4IRtgg14CLInb,3XtD4pF69355s7xcR6RPXA
2qe52cWdi4IRtgg14CLInb,6uVeWolwyRDrT84lLsaZyW
4EF5vIcCYKMM61oYOG2Tqa,5O0RrEgz4NLCPLrDZiPggz
5O0RrEgz4NLCPLrDZiPggz,4t7bXPFEPe0pu1ozhdDLOp
5O0RrEgz4NLCPLrDZiPggz,5nGQE2ehuRkkK1iNUQQthd
5O0RrEgz4NLCPLrDZiPggz,2qe52cWdi4IRtgg14CLInb
5O0RrEgz4NLCPLrDZiPggz,5BgWMOdEUJYdUBH3WXfMWt
5O0RrEgz4NLCPLrDZiPggz,3AmWjMXXtBJOmNGpUFSOAl
5O0RrEgz4NLCPLrDZiPggz,2i8ynmFv4qgRksyDlBgi6d
5O0RrEgz4NLCPLrDZiPggz,0tQ2Q4y9iUkKszxXyB14ZH
5O0RrEgz4NLCPLrDZiPggz,6WoTvA9qinpHtSRJuldYh6
5O0RrEgz4NLCPLrDZiPggz,1hJWecjPWroTl28fARuPd9
5O0RrEgz4NLCPLrDZiPggz,2X2Q1fpEwW7WtZxXb4acYb
5O0RrEgz4NLCPLrDZiPggz,1FGzeqDPTLZwfbfxpmPAZn
5O0RrEgz4NLCPLrDZiPggz,1Ag6UM6dow2OH9V06mxzV5
5O0RrEgz4NLCPLrDZiPggz,3V4FPipSnuYjtHnnAw9cZd
5O0RrEgz4NLCPLrDZiPggz,4MlLVFHiA4e7BU7vQ4r5Lh
5O0RrEgz4NLCPLrDZiPggz,0eLbmh14uMx3VB0MPM1r4L
5O0RrEgz4NLCPLrDZiPggz,1wAvVTxYw932BnBO5JhrXJ
5O0RrEgz4NLCPLrDZiPggz,3aSkzI3DQrdPtYXizXnwda
5O0RrEgz4NLCPLrDZiPggz,0S7Zur2g8YhqlzqtlYStli
5O0RrEgz4NLCPLrDZiPggz,4VuMnSnoTGrma3a79UhfMs
5O0RrEgz4NLCPLrDZiPggz,6uVeWolwyRDrT84lLsaZyW
4EF5vIcCYKMM61oYOG2Tqa,0tQ2Q4y9iUkKszxXyB14ZH
0tQ2Q4y9iUkKszxXyB14ZH,4t7bXPFEPe0pu1ozhdDLOp
0tQ2Q4y9iUkKszxXyB14ZH,1wAvVTxYw932BnBO5JhrXJ
0tQ2Q4y9iUkKszxXyB14ZH,1FGzeqDPTLZwfbfxpmPAZn
0tQ2Q4y9iUkKszxXyB14ZH,6WoTvA9qinpHtSRJuldYh6
0tQ2Q4y9iUkKszxXyB14ZH,2qe52cWdi4IRtgg14CLInb
0tQ2Q4y9iUkKszxXyB14ZH,4MlLVFHiA4e7BU7vQ4r5Lh
0tQ2Q4y9iUkKszxXyB14ZH,2i8ynmFv4qgRksyDlBgi6d
0tQ2Q4y9iUkKszxXyB14ZH,6TR7TYiDiS5okigndyMIpK
0tQ2Q4y9iUkKszxXyB14ZH,5nGQE2ehuRkkK1iNUQQthd
0tQ2Q4y9iUkKszxXyB14ZH,0eLbmh14uMx3VB0MPM1r4L
0tQ2Q4y9iUkKszxXyB14ZH,6uVeWolwyRDrT84lLsaZyW
0tQ2Q4y9iUkKszxXyB14ZH,4UETUdF77BfyJ7fEFVztr3
0tQ2Q4y9iUkKszxXyB14ZH,5O0RrEgz4NLCPLrDZiPggz
0tQ2Q4y9iUkKszxXyB14ZH,2u7xZP39dtED9EuRX9MUwu
0tQ2Q4y9iUkKszxXyB14ZH,3AmWjMXXtBJOmNGpUFSOAl
0tQ2Q4y9iUkKszxXyB14ZH,046wtejcUX9rhlzw2nlveT
0tQ2Q4y9iUkKszxXyB14ZH,3V4FPipSnuYjtHnnAw9cZd
0tQ2Q4y9iUkKszxXyB14ZH,1YPYaJyUobMi0eABhZo92N
0tQ2Q4y9iUkKszxXyB14ZH,6ekiDsULqViJbu38c0jGGv
0tQ2Q4y9iUkKszxXyB14ZH,2X2Q1fpEwW7WtZxXb4acYb
4EF5vIcCYKMM61oYOG2Tqa,5nGQE2ehuRkkK1iNUQQthd
5nGQE2ehuRkkK1iNUQQthd,2qe52cWdi4IRtgg14CLInb
5nGQE2ehuRkkK1iNUQQthd,4t7bXPFEPe0pu1ozhdDLOp
5nGQE2ehuRkkK1iNUQQthd,0eLbmh14uMx3VB0MPM1r4L
5nGQE2ehuRkkK1iNUQQthd,5O0RrEgz4NLCPLrDZiPggz
5nGQE2ehuRkkK1iNUQQthd,2X2Q1fpEwW7WtZxXb4acYb
5nGQE2ehuRkkK1iNUQQthd,1hJWecjPWroTl28fARuPd9
5nGQE2ehuRkkK1iNUQQthd,0tQ2Q4y9iUkKszxXyB14ZH
5nGQE2ehuRkkK1iNUQQthd,1wAvVTxYw932BnBO5JhrXJ
5nGQE2ehuRkkK1iNUQQthd,3AmWjMXXtBJOmNGpUFSOAl
5nGQE2ehuRkkK1iNUQQthd,6WoTvA9qinpHtSRJuldYh6
5nGQE2ehuRkkK1iNUQQthd,4VuMnSnoTGrma3a79UhfMs
5nGQE2ehuRkkK1iNUQQthd,2i8ynmFv4qgRksyDlBgi6d
5nGQE2ehuRkkK1iNUQQthd,6TR7TYiDiS5okigndyMIpK
5nGQE2ehuRkkK1iNUQQthd,1FGzeqDPTLZwfbfxpmPAZn
5nGQE2ehuRkkK1iNUQQthd,2vygNfdnPBXah21ZrqhxYk
5nGQE2ehuRkkK1iNUQQthd,6ekiDsULqViJbu38c0jGGv
5nGQE2ehuRkkK1iNUQQthd,3aSkzI3DQrdPtYXizXnwda
5nGQE2ehuRkkK1iNUQQthd,4MlLVFHiA4e7BU7vQ4r5Lh
5nGQE2ehuRkkK1iNUQQthd,046wtejcUX9rhlzw2nlveT
5nGQE2ehuRkkK1iNUQQthd,3V4FPipSnuYjtHnnAw9cZd
4EF5vIcCYKMM61oYOG2Tqa,2jkVPf0f9H9GVWMzIdxfs0
2jkVPf0f9H9GVWMzIdxfs0,2kS4yz85MaZlxp2VaS3BEe
2jkVPf0f9H9GVWMzIdxfs0,0p9SsqmppyP3CY3Rp78opc
2jkVPf0f9H9GVWMzIdxfs0,2vygNfdnPBXah21ZrqhxYk
2jkVPf0f9H9GVWMzIdxfs0,3oi0s3WIuxBU5oh87n7za2
2jkVPf0f9H9GVWMzIdxfs0,1UYhxPY1oqFUg1HfF8nV3k
2jkVPf0f9H9GVWMzIdxfs0,0dkXwqAwKvZUWBI4C3UNFY
2jkVPf0f9H9GVWMzIdxfs0,3XtD4pF69355s7xcR6RPXA
2jkVPf0f9H9GVWMzIdxfs0,6uVeWolwyRDrT84lLsaZyW
2jkVPf0f9H9GVWMzIdxfs0,0WvBaBwebA8SOLSXUVh4ge
2jkVPf0f9H9GVWMzIdxfs0,2i8ynmFv4qgRksyDlBgi6d
2jkVPf0f9H9GVWMzIdxfs0,4zn0m3hBUQVl6Nf36Sb0A6
2jkVPf0f9H9GVWMzIdxfs0,1OQRxZIPriIdtJCs1Dvd8w
2jkVPf0f9H9GVWMzIdxfs0,1hJWecjPWroTl28fARuPd9
2jkVPf0f9H9GVWMzIdxfs0,3ZvmTX2BguGi6wBezYPHYA
2jkVPf0f9H9GVWMzIdxfs0,6WoTvA9qinpHtSRJuldYh6
2jkVPf0f9H9GVWMzIdxfs0,15gVFNyge3HjNyFM2uA1cR
2jkVPf0f9H9GVWMzIdxfs0,75X42luaIDTZ6TTYxEripm
2jkVPf0f9H9GVWMzIdxfs0,4s6KO4EGgK9Ov1PrAo8cYQ
2jkVPf0f9H9GVWMzIdxfs0,2X2Q1fpEwW7WtZxXb4acYb
2jkVPf0f9H9GVWMzIdxfs0,1S3lM6GSUG4lkSQD0Q2fKD
4EF5vIcCYKMM61oYOG2Tqa,3AmWjMXXtBJOmNGpUFSOAl
3AmWjMXXtBJOmNGpUFSOAl,2i8ynmFv4qgRksyDlBgi6d
3AmWjMXXtBJOmNGpUFSOAl,6WoTvA9qinpHtSRJuldYh6
3AmWjMXXtBJOmNGpUFSOAl,4VuMnSnoTGrma3a79UhfMs
3AmWjMXXtBJOmNGpUFSOAl,70MMkLXtue3Edj3RJhJkYp
3AmWjMXXtBJOmNGpUFSOAl,2qe52cWdi4IRtgg14CLInb
3AmWjMXXtBJOmNGpUFSOAl,5UMQV83wwZCCvRSQCVjZw6
3AmWjMXXtBJOmNGpUFSOAl,5nGQE2ehuRkkK1iNUQQthd
3AmWjMXXtBJOmNGpUFSOAl,5O0RrEgz4NLCPLrDZiPggz
3AmWjMXXtBJOmNGpUFSOAl,0S7Zur2g8YhqlzqtlYStli
3AmWjMXXtBJOmNGpUFSOAl,3V4FPipSnuYjtHnnAw9cZd
3AmWjMXXtBJOmNGpUFSOAl,0tQ2Q4y9iUkKszxXyB14ZH
3AmWjMXXtBJOmNGpUFSOAl,4t7bXPFEPe0pu1ozhdDLOp
3AmWjMXXtBJOmNGpUFSOAl,0eLbmh14uMx3VB0MPM1r4L
3AmWjMXXtBJOmNGpUFSOAl,1FGzeqDPTLZwfbfxpmPAZn
3AmWjMXXtBJOmNGpUFSOAl,1Ag6UM6dow2OH9V06mxzV5
3AmWjMXXtBJOmNGpUFSOAl,046wtejcUX9rhlzw2nlveT
3AmWjMXXtBJOmNGpUFSOAl,1wAvVTxYw932BnBO5JhrXJ
3AmWjMXXtBJOmNGpUFSOAl,2vygNfdnPBXah21ZrqhxYk
3AmWjMXXtBJOmNGpUFSOAl,6uVeWolwyRDrT84lLsaZyW
3AmWjMXXtBJOmNGpUFSOAl,3Un18X4NF1bpjgUk44lUzn
4EF5vIcCYKMM61oYOG2Tqa,1hJWecjPWroTl28fARuPd9
1hJWecjPWroTl28fARuPd9,2qe52cWdi4IRtgg14CLInb
1hJWecjPWroTl28fARuPd9,3XtD4pF69355s7xcR6RPXA
1hJWecjPWroTl28fARuPd9,3ZvmTX2BguGi6wBezYPHYA
1hJWecjPWroTl28fARuPd9,5nGQE2ehuRkkK1iNUQQthd
1hJWecjPWroTl28fARuPd9,4t7bXPFEPe0pu1ozhdDLOp
1hJWecjPWroTl28fARuPd9,0dkXwqAwKvZUWBI4C3UNFY
1hJWecjPWroTl28fARuPd9,2X2Q1fpEwW7WtZxXb4acYb
1hJWecjPWroTl28fARuPd9,3Glx297fyff7hKkl7nBrwu
1hJWecjPWroTl28fARuPd9,5O0RrEgz4NLCPLrDZiPggz
1hJWecjPWroTl28fARuPd9,5DYT0cYfntdC8sxyIOAhiC
1hJWecjPWroTl28fARuPd9,24gpHQzkEu37xGFjzHUHzY
1hJWecjPWroTl28fARuPd9,0eLbmh14uMx3VB0MPM1r4L
1hJWecjPWroTl28fARuPd9,0tQ2Q4y9iUkKszxXyB14ZH
1hJWecjPWroTl28fARuPd9,1S3lM6GSUG4lkSQD0Q2fKD
1hJWecjPWroTl28fARuPd9,6ekiDsULqViJbu38c0jGGv
1hJWecjPWroTl28fARuPd9,0cvgnvsB7VZQJGU4RUQ1sA
1hJWecjPWroTl28fARuPd9,6WoTvA9qinpHtSRJuldYh6
1hJWecjPWroTl28fARuPd9,4DDWZ2ZsfguMrbg7EiM4S3
1hJWecjPWroTl28fARuPd9,6TR7TYiDiS5okigndyMIpK
1hJWecjPWroTl28fARuPd9,6UY2yCOBXcmlI0BEbo2emE
4EF5vIcCYKMM61oYOG2Tqa,4t7bXPFEPe0pu1ozhdDLOp
4t7bXPFEPe0pu1ozhdDLOp,2qe52cWdi4IRtgg14CLInb
4t7bXPFEPe0pu1ozhdDLOp,0tQ2Q4y9iUkKszxXyB14ZH
4t7bXPFEPe0pu1ozhdDLOp,5O0RrEgz4NLCPLrDZiPggz
4t7bXPFEPe0pu1ozhdDLOp,5nGQE2ehuRkkK1iNUQQthd
4t7bXPFEPe0pu1ozhdDLOp,1FGzeqDPTLZwfbfxpmPAZn
4t7bXPFEPe0pu1ozhdDLOp,6WoTvA9qinpHtSRJuldYh6
4t7bXPFEPe0pu1ozhdDLOp,0eLbmh14uMx3VB0MPM1r4L
4t7bXPFEPe0pu1ozhdDLOp,4MlLVFHiA4e7BU7vQ4r5Lh
4t7bXPFEPe0pu1ozhdDLOp,2i8ynmFv4qgRksyDlBgi6d
4t7bXPFEPe0pu1ozhdDLOp,1hJWecjPWroTl28fARuPd9
4t7bXPFEPe0pu1ozhdDLOp,6TR7TYiDiS5okigndyMIpK
4t7bXPFEPe0pu1ozhdDLOp,1wAvVTxYw932BnBO5JhrXJ
4t7bXPFEPe0pu1ozhdDLOp,1YPYaJyUobMi0eABhZo92N
4t7bXPFEPe0pu1ozhdDLOp,2X2Q1fpEwW7WtZxXb4acYb
4t7bXPFEPe0pu1ozhdDLOp,1Ag6UM6dow2OH9V06mxzV5
4t7bXPFEPe0pu1ozhdDLOp,5DYT0cYfntdC8sxyIOAhiC
4t7bXPFEPe0pu1ozhdDLOp,6ekiDsULqViJbu38c0jGGv
4t7bXPFEPe0pu1ozhdDLOp,3V4FPipSnuYjtHnnAw9cZd
4t7bXPFEPe0pu1ozhdDLOp,06U3HB7kYW3D8AORt54Xp8
4t7bXPFEPe0pu1ozhdDLOp,3AmWjMXXtBJOmNGpUFSOAl
4EF5vIcCYKMM61oYOG2Tqa,1FWJ9K8qn1ht68Kb7b1NBT
1FWJ9K8qn1ht68Kb7b1NBT,3aSkzI3DQrdPtYXizXnwda
1FWJ9K8qn1ht68Kb7b1NBT,1S3lM6GSUG4lkSQD0Q2fKD
1FWJ9K8qn1ht68Kb7b1NBT,2X2Q1fpEwW7WtZxXb4acYb
1FWJ9K8qn1ht68Kb7b1NBT,0cvgnvsB7VZQJGU4RUQ1sA
1FWJ9K8qn1ht68Kb7b1NBT,1OJbUk3HXM9THxyeVLAK4t
1FWJ9K8qn1ht68Kb7b1NBT,1O3MQVAkY13BpomkVr6z7d
1FWJ9K8qn1ht68Kb7b1NBT,1qu76fyhxnnFHJagsVOs1D
1FWJ9K8qn1ht68Kb7b1NBT,6uVeWolwyRDrT84lLsaZyW
1FWJ9K8qn1ht68Kb7b1NBT,0dkXwqAwKvZUWBI4C3UNFY
1FWJ9K8qn1ht68Kb7b1NBT,3BlH86XEXm0Xla7RmWcZaa
1FWJ9K8qn1ht68Kb7b1NBT,6UY2yCOBXcmlI0BEbo2emE
1FWJ9K8qn1ht68Kb7b1NBT,1IBXSufG2Xlqo0E2kekkvY
1FWJ9K8qn1ht68Kb7b1NBT,5jevkWdPouBhKNpJu1DOyO
1FWJ9K8qn1ht68Kb7b1NBT,1hJWecjPWroTl28fARuPd9
1FWJ9K8qn1ht68Kb7b1NBT,2qe52cWdi4IRtgg14CLInb
1FWJ9K8qn1ht68Kb7b1NBT,5O0RrEgz4NLCPLrDZiPggz
1FWJ9K8qn1ht68Kb7b1NBT,4b5AaEwEgxDuOQs6R2sbul
1FWJ9K8qn1ht68Kb7b1NBT,4t7bXPFEPe0pu1ozhdDLOp
1FWJ9K8qn1ht68Kb7b1NBT,0eLbmh14uMx3VB0MPM1r4L
1FWJ9K8qn1ht68Kb7b1NBT,3e15XAv8Iv8TMfGrO2nlCz
4EF5vIcCYKMM61oYOG2Tqa,2jlt5Z6VojDVMzSj1JHkcd
2jlt5Z6VojDVMzSj1JHkcd,6uVeWolwyRDrT84lLsaZyW
2jlt5Z6VojDVMzSj1JHkcd,4zDG2kkm3SmF383uO3Hgo8
2jlt5Z6VojDVMzSj1JHkcd,2X2Q1fpEwW7WtZxXb4acYb
2jlt5Z6VojDVMzSj1JHkcd,5jevkWdPouBhKNpJu1DOyO
2jlt5Z6VojDVMzSj1JHkcd,3V4FPipSnuYjtHnnAw9cZd
2jlt5Z6VojDVMzSj1JHkcd,3aSkzI3DQrdPtYXizXnwda
2jlt5Z6VojDVMzSj1JHkcd,1OQRxZIPriIdtJCs1Dvd8w
2jlt5Z6VojDVMzSj1JHkcd,2vygNfdnPBXah21ZrqhxYk
2jlt5Z6VojDVMzSj1JHkcd,6WoTvA9qinpHtSRJuldYh6
2jlt5Z6VojDVMzSj1JHkcd,2i8ynmFv4qgRksyDlBgi6d
2jlt5Z6VojDVMzSj1JHkcd,2qe52cWdi4IRtgg14CLInb
2jlt5Z6VojDVMzSj1JHkcd,6dP7OHshDvGHaNNSwunol4
2jlt5Z6VojDVMzSj1JHkcd,0tQ2Q4y9iUkKszxXyB14ZH
2jlt5Z6VojDVMzSj1JHkcd,1FGzeqDPTLZwfbfxpmPAZn
2jlt5Z6VojDVMzSj1JHkcd,5nGQE2ehuRkkK1iNUQQthd
2jlt5Z6VojDVMzSj1JHkcd,2jkVPf0f9H9GVWMzIdxfs0
2jlt5Z6VojDVMzSj1JHkcd,0eLbmh14uMx3VB0MPM1r4L
2jlt5Z6VojDVMzSj1JHkcd,7lm6HTAFVQjYvB0kniM6UN
2jlt5Z6VojDVMzSj1JHkcd,6UY2yCOBXcmlI0BEbo2emE
2jlt5Z6VojDVMzSj1JHkcd,4zn0m3hBUQVl6Nf36Sb0A6
